DateTime,Biomass,Demand,Fossil,Nuclear,Solar,Wind
2021-01-01,113.15993999999999,920.231628125,517.806845,195.6154025,21.5564125,79.767715
2021-01-02,113.7983725,986.910055625,570.1132275,195.1009225,15.8459825,92.91347999999999
2021-01-03,113.4179425,1006.67675125,442.1114825,182.14249,6.6666775,440.4030725
2021-01-04,112.539105,1228.483919375,715.765355,181.6348425,5.3710875,387.6448425
2021-01-05,111.8633375,1257.987824375,787.5227725,187.5905375,5.970384999999999,366.1775475
2021-01-06,112.2644775,1205.8941306250001,819.6674925,195.0837725,7.1277975,218.1358475
2021-01-07,113.3024925,1278.69875,885.3410325,195.9016475,8.01,144.1628475
2021-01-08,113.22046,1260.12949125,897.8707125,195.691935,9.10816,120.01797
2021-01-09,113.1517425,1109.25865875,827.718055,193.6191075,15.32449,64.1713275
2021-01-10,113.326385,1081.4258425,688.17854,191.17464,28.502795,252.64170000000001
2021-01-11,111.33130750000001,1366.984033125,648.4876425,184.0281125,21.630885,673.00778
2021-01-12,111.4393325,1378.948464375,626.17393,183.809825,11.713772500000001,710.843175
2021-01-13,111.354555,1379.762020625,570.7938375,181.14594250000002,23.468787499999998,834.3225775
2021-01-14,112.3034775,1344.495135625,813.9074425,194.8235775,12.3513625,313.278
2021-01-15,113.01517,1318.5501075,905.6564,196.475515,22.0041625,160.989365
2021-01-16,113.228505,1158.52379125,788.13996,195.645135,14.8096575,175.9370125
2021-01-17,112.10167750000001,1095.226190625,739.5679525,195.65574,14.5028575,138.505035
2021-01-18,112.255825,1336.1243381250001,758.0120025,193.32565,11.54163,536.6604125
2021-01-19,111.4367575,1376.116305,605.19969,191.0372575,11.303025,799.22451
2021-01-20,111.27716,1358.726640625,465.618815,179.53779500000002,35.602075,884.325425
2021-01-21,111.10829,1354.85418375,398.29618,180.70591,42.3971575,936.74948
2021-01-22,111.70077,1306.656134375,595.997855,182.07109,39.1473575,628.484585
2021-01-23,112.1130675,1127.65567125,667.46511,194.2262825,23.204832500000002,234.1075925
2021-01-24,111.82347,1063.22908625,671.1933750000001,191.3161725,24.1909625,180.77818
2021-01-25,111.8581275,1314.304235625,883.51408,195.2645975,26.106935,150.8298
2021-01-26,112.030715,1359.814731875,849.10112,195.746145,22.362222499999998,346.4583625
2021-01-27,111.1485625,1365.8953575,845.188715,195.8080075,22.728535,333.4495775
2021-01-28,111.426605,1340.869985,805.83917,195.29784,14.901805,279.1620975
2021-01-29,112.1699925,1315.120503125,616.269285,193.9811975,29.530665,569.0498375
2021-01-30,111.504035,1128.22896125,587.9146775,195.8479725,23.33607,209.9822225
2021-01-31,112.6064475,1076.810895,553.91218,196.1016625,42.5740225,198.2564275
2021-02-01,112.78291,1308.28233375,783.98508,195.68279,27.50732,245.2818825
2021-02-02,111.9745675,1333.183875625,771.1246225,194.96582750000002,23.072445,252.26544
2021-02-03,111.807125,1344.410320625,600.4426025,193.457285,15.955427499999999,582.847505
2021-02-04,109.7369,1294.627703125,696.618145,177.5365475,62.24962,361.0926825
2021-02-05,113.25045,1274.708985,651.6688275,182.3859525,32.1095575,415.511265
2021-02-06,111.82268,1133.692945,348.64745,186.32829,21.8874025,720.84982
2021-02-07,110.59840249999999,1102.57916,332.0368225,176.4311575,15.424152499999998,777.0467175
2021-02-08,110.9558375,1325.37235875,696.6242675,188.80355,20.7658,505.0819525
2021-02-09,110.7725175,1371.434911875,856.7956925,194.63706000000002,11.387925,250.0279675
2021-02-10,110.534875,1380.62079375,879.2572575,196.08268750000002,14.218202499999999,223.4970625
2021-02-11,106.321285,1372.62489,879.7081025,196.0843925,28.696585,141.71187
2021-02-12,111.99175249999999,1356.770846875,822.7997124999999,196.14576,47.8631225,301.15181
2021-02-13,111.9271225,1189.21689125,734.0016674999999,196.3555875,62.38832,215.3077125
2021-02-14,111.71309,1140.648328125,566.2609125,195.35880500000002,73.4404175,391.779275
2021-02-15,111.384315,1367.5211912500001,695.5045,189.8730875,34.637025,566.0415675
2021-02-16,111.15212,1328.6692975,696.8453,192.219705,40.187,405.00207750000004
2021-02-17,111.250445,1329.23234125,551.3444975,193.41066750000002,61.1979125,598.0639675
2021-02-18,110.44310250000001,1312.542219375,511.7524325,189.6722025,96.277525,584.5865125
2021-02-19,105.1606975,1264.606189375,522.336015,183.2218025,108.516565,488.225205
2021-02-20,104.0893375,1078.04257375,281.0629625,189.574365,139.12349,506.00629
2021-02-21,103.4564975,988.210864375,311.599195,190.71485,153.56352,357.05857249999997
2021-02-22,103.0332275,1233.1920875,543.3765875,193.8519625,127.2265475,345.3211175
2021-02-23,102.89693749999999,1254.977209375,466.586365,192.4330125,127.7033775,420.62703
2021-02-24,106.783885,1255.80441875,397.364555,186.72661,146.14203,514.368685
2021-02-25,111.8419,1240.927245625,480.19883500000003,190.074365,156.66673,364.81586
2021-02-26,111.88923,1234.439298125,514.920625,192.9833025,94.3746625,325.110195
2021-02-27,111.6034925,1057.026280625,456.0310225,194.7335325,100.8048225,184.3488625
2021-02-28,110.8363425,997.742575,424.3859475,193.7467475,150.087675,131.46444
2021-03-01,110.7718075,1246.743004375,673.72347,194.8144225,143.10384249999998,95.47591
2021-03-02,110.3565825,1256.4097425,738.09258,194.5274125,175.32826,91.519245
2021-03-03,111.25703999999999,1271.749275625,762.7255575,194.4182375,121.4991025,154.6630525
2021-03-04,112.4625,1273.950948125,726.0995925,194.36898,73.129565,241.5217225
2021-03-05,113.2126175,1264.77012375,698.73485,195.25813250000002,114.7332475,180.0057475
2021-03-06,113.07247,1088.82537375,534.0878275,191.45403,169.52308,280.81588
2021-03-07,111.684005,1036.200009375,508.98839250000003,191.812925,136.511345,356.2661725
2021-03-08,111.8489825,1260.12126375,799.1028325,195.6998525,156.8267825,80.5259725
2021-03-09,110.9875475,1305.171560625,860.8911375,195.6820075,112.880785,90.1187575
2021-03-10,111.2505975,1304.70919,644.2460275,192.2630825,103.72645,374.742445
2021-03-11,107.7202725,1341.29772125,270.6242475,182.21451249999998,63.773685,1012.5510425
2021-03-12,109.71538,1300.97345875,242.98388,181.9978375,122.292145,971.6512299999999
2021-03-13,109.435025,1149.36763875,209.794325,161.1361625,71.317385,998.799815
2021-03-14,110.21377749999999,1063.433344375,216.5907275,184.802235,89.7359225,719.2552375
2021-03-15,110.63295,1284.177176875,417.083255,189.309705,82.65621250000001,648.287255
2021-03-16,111.11925749999999,1301.675091875,601.19725,193.86086,92.9147425,389.1866175
2021-03-17,111.86942499999999,1293.143088125,697.468065,195.547265,90.7161,152.287785
2021-03-18,112.176025,1289.488168125,759.22425,195.84134,114.2993575,77.2646775
2021-03-19,112.4602775,1280.38950875,617.13742,191.4545,111.738765,261.0808975
2021-03-20,112.0469575,1102.467700625,505.1326775,160.3971,145.316375,303.834285
2021-03-21,108.133835,1047.2744525,382.75514,152.82271,75.99586000000001,648.1014375
2021-03-22,104.4181275,1274.2489325,705.2460925,162.306535,105.1876375,240.0735325
2021-03-23,104.421065,1282.745559375,798.947725,162.13892,79.3692225,164.7668
2021-03-24,103.87525,1265.122706875,687.2667749999999,159.9342975,204.50812,211.054365
2021-03-25,103.9991125,1244.065895,728.962425,161.9542475,186.55191250000001,134.9109175
2021-03-26,109.54741,1214.513304375,470.43049,158.6282125,195.6321875,398.6445425
2021-03-27,110.9471525,1089.68521875,251.2733625,146.84281000000001,131.7978325,724.7058475
2021-03-28,110.921215,998.009578125,244.61001,147.37158,170.50414,614.0648925
2021-03-29,110.3828625,1205.8986575000001,358.3100975,157.8171625,208.342495,560.2447925
2021-03-30,109.547305,1203.349385625,511.516345,160.31046750000002,243.4079475,180.4591125
2021-03-31,108.998695,1184.211056875,555.7694725,160.308905,239.85123000000002,48.1634725
2021-04-01,109.1482475,1159.8769275,440.1709975,158.629675,182.5267325,326.72330750000003
2021-04-02,110.1178,975.40798875,256.3176425,155.986185,168.0982175,446.8765775
2021-04-03,111.0886275,973.3455775,221.09785,160.0437775,174.1719125,303.644515
2021-04-04,110.94494,914.711181875,214.3422575,158.2555425,194.19093,359.4770075
2021-04-05,108.3233725,1011.1881856250001,198.638005,142.543495,109.346915,798.0331075
2021-04-06,110.1832775,1267.588590625,359.6370975,157.946695,133.0113825,670.070115
2021-04-07,110.98147250000001,1322.058869375,453.24806,159.058905,98.38323,717.1811825
2021-04-08,112.019395,1269.346089375,521.5995775,159.298055,140.75456,550.677145
2021-04-09,112.181035,1231.175251875,490.0227575,159.091405,195.6652375,447.176415
2021-04-10,111.4707575,1041.482703125,522.7499675,159.48212,122.3696025,191.4014675
2021-04-11,110.35562,1001.308044375,387.33527250000003,155.3993225,147.25757,422.041965
2021-04-12,110.06330750000001,1252.19683625,723.0382625,155.2906075,119.8828975,302.2834575
2021-04-13,109.3576,1281.55821375,685.91232,155.29752,182.173885,344.4346975
2021-04-14,110.17376,1270.198585,762.6569875,156.421405,179.9924125,162.6845775
2021-04-15,110.5682225,1268.005245,759.174855,163.4294825,182.3371025,196.463435
2021-04-16,111.558865,1247.1831725,721.5625325,187.93817,158.826795,216.0987
2021-04-17,111.82196,1049.79844375,608.0168175,187.76316500000001,141.7683975,161.6765175
2021-04-18,110.5288675,968.8221187500001,636.2665075,188.588335,114.7953125,77.083505
2021-04-19,109.3992775,1218.81907625,757.16778,190.9301125,145.783825,77.4715775
2021-04-20,108.95037500000001,1226.06715125,754.4490925,187.58929,219.1266425,58.7378125
2021-04-21,107.6313525,1223.11552875,562.189735,185.812275,229.74803,338.360905
2021-04-22,108.687225,1222.759305,441.9732675,183.15398,228.6048,491.1179475
2021-04-23,111.24641,1176.235269375,471.0421975,185.284245,266.9893625,277.4806625
2021-04-24,111.1212575,996.8855875,338.87121,185.4255,260.34126,220.1558575
2021-04-25,111.390855,930.64057375,309.55103,187.248175,256.84841,196.022455
2021-04-26,111.6856425,1175.19663875,553.697725,186.174425,280.6005875,135.20102
2021-04-27,110.6311175,1193.323575625,559.1198049999999,187.296885,296.5191875,271.1486575
2021-04-28,110.5971375,1189.206366875,580.0341975,184.54736,263.0270825,232.98903
2021-04-29,110.1790575,1213.237255,585.821455,182.05498,134.486,387.49906250000004
2021-04-30,111.05584,1173.905455625,673.32848,179.605625,135.7829775,95.67086
2021-05-01,110.63677249999999,929.95953875,403.1060975,160.9818275,141.4614625,81.40377
2021-05-02,109.671525,947.0635025,343.3331275,157.5750975,127.0587125,331.6832525
2021-05-03,109.6009675,1195.981803125,431.05137,155.2840075,211.599445,362.387805
2021-05-04,106.97042,1266.757199375,258.8462,151.3767725,136.43054,937.307935
2021-05-05,104.8773875,1256.85441375,313.08975,151.1871275,176.87081,781.431305
2021-05-06,111.9003925,1241.72122375,550.0761200000001,153.663955,146.070715,317.6410975
2021-05-07,114.0509825,1194.050179375,496.4783825,157.3757775,180.01707,365.467825
2021-05-08,114.3203775,1009.98514125,270.570115,158.3470525,245.62269500000002,318.060555
2021-05-09,110.75832249999999,938.917920625,184.44115,145.5952725,279.4342575,473.19558
2021-05-10,110.3345425,1167.387965625,382.465635,154.705895,209.8307425,351.9779425
2021-05-11,111.97179,1185.436138125,543.3858025,158.4879775,138.8411625,155.6066475
2021-05-12,113.0908025,1173.558666875,517.01433,159.8655625,101.5047775,153.33123
2021-05-13,113.7627125,939.039369375,295.584255,158.5512075,131.6875375,122.6167125
2021-05-14,114.0683825,1030.069676875,330.07683000000003,159.89412,180.572115,138.588775
2021-05-15,112.3464925,969.41345375,279.0105525,159.7386825,181.688155,176.289475
2021-05-16,109.767135,927.133528125,266.5311675,157.15205,198.06209,186.7446125
2021-05-17,109.25768500000001,1166.6811025,388.1401925,172.28009500000002,188.6729425,209.112365
2021-05-18,109.26337,1189.989404375,446.00587,191.629125,180.323035,160.3877575
2021-05-19,109.1022675,1181.42735125,469.600825,190.5049725,206.7448625,116.7398125
2021-05-20,111.72188249999999,1178.62648125,421.068645,188.9426225,214.255975,188.33801499999998
2021-05-21,113.762585,1196.228689375,213.0068025,180.5021525,173.9894625,658.24657
2021-05-22,113.03358250000001,1027.61943,167.9847425,177.3311175,197.6998375,703.4111225
2021-05-23,113.53103,899.546033125,191.3694025,180.948095,205.1588925,397.711625
2021-05-24,113.43491,924.520380625,219.1863725,184.6836275,200.38733249999999,424.3672725
2021-05-25,112.76195249999999,1175.101546875,340.624565,191.16639,180.9922125,505.26392
2021-05-26,113.3843325,1217.652684375,401.0257875,181.9392775,143.7813075,539.01281
2021-05-27,113.81711,1200.916404375,510.790895,188.61040500000001,145.12826,417.39189
2021-05-28,114.54173,1140.30189625,541.0128475,189.57196249999998,214.8070525,140.03944
2021-05-29,112.5426925,967.48641625,349.30370500000004,190.040875,242.6443425,133.991045
2021-05-30,108.3718275,901.41323125,270.6766925,182.2804375,301.7611525,121.1197825
2021-05-31,107.60846749999999,1117.677265625,435.5643875,189.3359025,314.4301525,93.03089
2021-06-01,106.7835025,1142.029559375,430.09066,188.92009000000002,300.2080025,132.12658
2021-06-02,106.3508025,1158.611095625,382.8867425,184.7624825,295.3454825,278.8399825
2021-06-03,104.9224025,1005.813544375,389.375375,180.9595375,250.5153175,241.9019025
2021-06-04,98.87628,1065.39551875,462.24791749999997,184.52191,214.0619275,84.104845
2021-06-05,104.0146725,953.667674375,389.505035,185.6235375,189.139495,109.2029375
2021-06-06,104.88768,909.708831875,373.5181075,177.9928325,126.5605775,117.02157
2021-06-07,104.7167075,1148.064101875,587.875905,181.418185,189.7336425,70.2026475
2021-06-08,103.37838500000001,1168.253569375,631.0864425,184.78436,228.1797,52.323335
2021-06-09,102.376435,1176.698459375,617.2754825,184.4594825,252.8973875,30.7448275
2021-06-10,102.519825,1174.91852,608.4790825,184.5175575,266.7242125,45.16879
2021-06-11,105.05869,1159.72261125,541.888835,164.2996875,280.6363225,111.37765999999999
2021-06-12,105.819545,996.79344,256.46121,150.11014749999998,208.9640775,474.98258
2021-06-13,107.030215,911.650595,246.837235,145.5044625,282.7833625,254.7095725
2021-06-14,106.326235,1153.116206875,469.8866875,151.8189575,320.7096475,137.108375
2021-06-15,106.5197625,1185.58817375,606.326175,156.2636425,280.64144,59.457432499999996
2021-06-16,102.7335375,1199.34158625,641.627335,154.75165,297.68467250000003,121.8944475
2021-06-17,94.1391175,1235.721140625,586.079545,151.823215,301.0990925,237.1737
2021-06-18,93.74948499999999,1216.1421325000001,609.8470425,153.6004925,286.55016,168.6388425
2021-06-19,95.743065,1036.352840625,443.4403675,152.146595,275.9218275,173.76121
2021-06-20,96.1838125,957.943994375,342.54026749999997,152.56248250000002,212.31965250000002,292.7916125
2021-06-21,97.4237125,1202.90924625,548.1187625,156.07025,238.1039925,299.0691275
2021-06-22,99.1339925,1200.0061475,649.4708825,158.405265,172.923135,169.090225
2021-06-23,99.165425,1166.4832362500001,699.03781,158.5477175,192.1890675,64.4209675
2021-06-24,99.32313500000001,1156.821954375,685.256875,158.7556175,162.5942075,34.4698875
2021-06-25,100.6829475,1137.516320625,646.562345,158.82172500000001,192.8603675,37.3075275
2021-06-26,100.1623625,972.352578125,464.39213,157.3753825,259.1512025,32.480199999999996
2021-06-27,99.518615,916.895385,375.6844975,156.61607,272.776355,72.839475
2021-06-28,98.1564075,1207.16877375,625.897525,154.877065,255.897445,117.8057175
2021-06-29,98.00645,1202.111781875,635.18096,155.62136,181.498465,176.1914725
2021-06-30,99.903435,1185.3811475,619.2613525,156.71971,137.65337,215.4972225
2021-07-01,100.218405,1210.05961,594.1060675,158.8287325,101.09566,269.1307975
2021-07-02,100.8411475,1146.52183875,597.456935,158.8799725,201.9140075,127.3597325
2021-07-03,99.6177725,971.475121875,483.70667249999997,157.16465,268.6995375,41.884275
2021-07-04,98.8606975,919.305946875,468.224175,157.279385,204.8875875,67.65423
2021-07-05,99.43431749999999,1168.412860625,583.11616,158.4765975,173.849595,129.003185
2021-07-06,89.2130175,1218.9305193750001,454.5063525,154.391395,206.06532,424.31158750000003
2021-07-07,92.3346725,1190.805398125,593.3747675,155.508125,170.5325125,158.48983
2021-07-08,91.6235475,1178.86452375,648.2745425,157.722395,128.762245,62.3688425
2021-07-09,91.546755,1164.904221875,578.3792225,167.6122325,124.45584000000001,187.330555
2021-07-10,90.62288,976.680910625,441.10317,187.83081,245.0663525,119.999275
2021-07-11,89.169905,919.924545,430.428945,189.51763,187.62323,98.79122
2021-07-12,91.6250175,1172.620226875,563.5754775,187.97101750000002,243.8240925,109.86104
2021-07-13,90.25098750000001,1205.88145125,610.701205,188.761275,152.3143,110.0850525
2021-07-14,90.6740025,1205.3193975,566.06894,188.9273025,129.02711,197.54539499999998
2021-07-15,91.0749325,1182.54376,520.2020675,189.68510750000002,183.740535,185.59591
2021-07-16,91.23470999999999,1159.756725625,480.6320875,188.80604,206.71237,191.368395
2021-07-17,90.08028,987.1626243750001,267.187465,183.7849425,174.9243875,308.6843625
2021-07-18,90.3048775,919.7074625,228.4910325,179.5685775,265.158205,258.436035
2021-07-19,91.04635,1154.468229375,454.96439250000003,188.4202525,221.2199525,153.951285
2021-07-20,91.4153225,1169.517423125,500.3269575,189.8918875,236.77794749999998,100.57207
2021-07-21,91.797555,1152.0007075,517.810215,189.83206,230.6994425,68.8256225
2021-07-22,92.23647249999999,1165.341505,540.3677275,189.2270075,236.4660175,52.683265
2021-07-23,92.9769725,1137.02160875,523.44086,189.3096025,254.1234075,45.760065
2021-07-24,92.222275,972.0903125,354.507615,188.478165,201.955795,199.5082125
2021-07-25,90.9236175,919.853251875,339.34767,186.0814575,199.294475,162.75807
2021-07-26,91.198905,1146.898324375,549.2158425,188.9693925,208.2727875,87.5951925
2021-07-27,91.5112475,1160.150499375,538.686005,188.70723,215.3626625,158.4800275
2021-07-28,91.8361325,1160.646708125,400.3542825,187.106595,166.315805,367.1783725
2021-07-29,91.30922,1161.42752625,241.8101925,170.603675,233.131795,610.19576
2021-07-30,92.500065,1113.8597843750001,299.6175625,180.3238125,265.9745525,333.213095
2021-07-31,91.80409,983.3925575,195.18720249999998,171.0536925,206.783465,543.0505925
2021-08-01,92.11579,887.3549131249999,252.0881675,186.5003225,151.67743,202.9555425
2021-08-02,91.3898075,1094.99465375,376.9008175,188.9789575,193.6570425,243.32011
2021-08-03,91.2303175,1121.564680625,513.22658,190.5212225,176.43399,50.76477
2021-08-04,91.430815,1105.26866,535.254995,190.097885,164.6325075,39.328975
2021-08-05,91.5965725,1114.260861875,484.6432725,189.9317225,179.219345,114.5279275
2021-08-06,92.7638175,1099.269343125,336.1679375,189.0714775,187.19352,296.2640925
2021-08-07,92.844295,944.5000725,269.033405,188.18763,166.88239249999998,245.0288325
2021-08-08,92.08394,909.443966875,184.967545,168.3155825,182.081015,488.6851875
2021-08-09,92.98741,1081.571285625,321.680745,187.1019375,216.406065,329.855025
2021-08-10,93.038355,1097.804231875,440.775485,189.509685,204.01498,167.490905
2021-08-11,92.7417275,1098.734236875,472.097615,189.1539825,236.0521575,54.69342
2021-08-12,92.7001925,1104.934358125,487.70520999999997,188.457645,248.166595,56.7847325
2021-08-13,92.11588,1109.49423625,445.1309125,187.145455,229.4011175,224.053
2021-08-14,91.7952575,955.423205625,293.58412,181.49802,255.5877,283.730255
2021-08-15,91.3158825,898.049285,305.8525025,184.92585,224.9434975,185.83208
2021-08-16,90.9767075,1143.286584375,325.471905,185.755605,131.8413525,635.0983725
2021-08-17,92.1322275,1148.0629543750001,303.6298775,170.6083075,147.95850000000002,675.6314525
2021-08-18,92.9598675,1149.4289724999999,368.24057,183.50939,117.91347999999999,536.3930975
2021-08-19,92.898085,1141.88474375,505.59051,188.4531275,112.67073500000001,279.85338
2021-08-20,93.7565625,1100.732780625,541.9518225,188.75356250000002,170.8447225,71.203625
2021-08-21,92.8944925,931.594013125,426.2102375,188.439855,223.69108250000002,43.26179
2021-08-22,91.943185,893.453201875,360.0364725,188.06740250000001,108.4150225,227.44663
2021-08-23,92.7253525,1128.411721875,501.6696275,188.8394225,132.3147175,281.44095500000003
2021-08-24,93.198085,1138.26410125,521.455695,188.882225,181.710405,170.94226
2021-08-25,93.33525,1145.832561875,420.64641,185.8663425,221.1370775,372.5889875
2021-08-26,93.6236025,1151.428063125,464.2036175,188.4829575,133.606295,377.527425
2021-08-27,94.2223275,1125.27808,462.58689,188.3848,129.142325,361.77122
2021-08-28,93.8915175,957.700921875,352.89681,190.18663,118.2113775,270.890765
2021-08-29,93.4315,913.905124375,378.9804725,190.2793225,75.27459999999999,265.370825
2021-08-30,93.46381,1154.909145625,530.69036,189.6742625,107.97345750000001,273.43512250000003
2021-08-31,93.8347775,1172.78772,581.079925,189.87398000000002,149.4405875,233.198715
2021-09-01,93.9206225,1157.5708750000001,610.95385,190.21906,199.17403,112.771515
2021-09-02,94.1726125,1139.933674375,608.39467,189.676345,225.25233,74.7034175
2021-09-03,94.73289,1122.2601574999999,563.767285,187.4227875,246.0906875,126.9524575
2021-09-04,94.2706875,949.77626,485.4688975,189.432835,208.84982250000002,76.5573
2021-09-05,93.6176725,892.788844375,432.1604025,185.55856,224.7507425,110.15696249999999
2021-09-06,93.9766325,1121.5039425,643.344,189.61239,225.3688075,25.795242499999997
2021-09-07,93.77271999999999,1152.01626125,670.7942075,190.08633,196.5760775,34.3475075
2021-09-08,92.93163249999999,1167.673929375,661.916645,189.4587825,236.1965,121.499
2021-09-09,92.054625,1173.771886875,684.449385,189.031695,212.99796,124.07654
2021-09-10,92.67943,1147.773629375,720.7837825,188.592225,169.31615,86.2055
2021-09-11,93.017585,960.587114375,599.2112975,189.0007125,125.73348,162.00551
2021-09-12,93.0755375,911.018605625,508.3647675,189.29708,167.350225,183.580715
2021-09-13,93.27619250000001,1129.20117125,709.199575,189.8935625,175.893695,75.6802725
2021-09-14,93.0509825,1168.81292625,692.5648225,189.5218675,199.0116275,113.1632125
2021-09-15,92.4330625,1197.09336125,698.1674,188.9421225,73.1779575,220.3360775
2021-09-16,93.1722575,1192.327048125,702.14408,189.4619,88.6685675,345.2904625
2021-09-17,94.3738625,1145.779166875,700.53371,190.7056775,106.34769,149.657495
2021-09-18,93.927215,968.7168181249999,584.5021849999999,190.626565,144.605775,126.0270525
2021-09-19,93.8566,908.92102,517.6733925,188.6540425,111.6940175,199.32373
2021-09-20,94.9105025,1145.4940187500001,708.145775,191.9944,96.020775,61.5344
2021-09-21,95.49862499999999,1175.89406125,689.1333175,191.8083425,124.9031125,193.563105
2021-09-22,96.031555,1174.29581875,667.436155,191.3450325,152.752145,216.2929225
2021-09-23,93.8127425,1203.9568737499999,413.76464,181.941775,175.178405,658.803975
2021-09-24,94.5894475,1177.20798625,516.14571,175.4728125,120.6581,476.205395
2021-09-25,94.6142175,986.607799375,577.133375,155.60065,156.0935025,131.369685
2021-09-26,93.2826725,937.859356875,549.1864325,156.13343,139.38529,134.8506775
2021-09-27,92.9230525,1179.49423875,678.09609,154.91812000000002,113.7884975,254.0129425
2021-09-28,93.93711,1181.976603125,723.213515,157.3061875,122.7093475,131.054065
2021-09-29,94.53059,1222.2584425,567.67152,153.883905,96.8348575,506.70206
2021-09-30,94.25958,1205.22944125,487.12964,147.257015,167.42889,608.62611
2021-10-01,96.095085,1187.9390700000001,455.72223,141.90368,186.48283,554.8123625
2021-10-02,95.7734125,1015.77454,369.72184749999997,144.0330925,143.9187975,432.19103
2021-10-03,93.671605,989.06211125,247.008745,130.4538275,89.639815,696.304905
2021-10-04,94.97788,1180.603413125,590.87263,150.4798525,65.0266775,324.7521125
2021-10-05,95.469165,1217.38678125,555.6437675,157.6426125,62.151435000000006,377.5861425
2021-10-06,96.00356,1216.38525375,586.389995,157.4758525,96.81549,317.78706
2021-10-07,96.71989,1192.698113125,759.79571,158.34119,119.80831500000001,38.533435
2021-10-08,96.92002249999999,1160.6998125,691.7462225,158.2179625,126.47613750000001,169.0043
2021-10-09,96.5697625,1005.693550625,494.64687,156.224185,186.8164575,249.318545
2021-10-10,95.8212875,960.47822125,520.3276475,156.557235,179.66937,132.3836075
2021-10-11,95.59363,1214.984016875,648.9085375,154.289535,113.31723,367.8476425
2021-10-12,95.9382325,1255.599395,710.1685075,157.7095525,69.2324525,376.01462
2021-10-13,96.412875,1249.83317625,774.4153575,159.6849125,112.091895,230.35408750000002
2021-10-14,97.5790525,1269.008449375,674.7214225,181.93873,60.2435725,465.54534
2021-10-15,97.9934275,1241.21434,553.5466625,185.38425,106.4115375,534.0729924999999
2021-10-16,97.97949,1044.585245,605.524055,188.2140925,111.8436325,209.4744375
2021-10-17,97.5991775,983.125480625,594.06341,190.40572,83.53429,200.8520375
2021-10-18,98.0486525,1215.14855625,688.5254625,190.1975875,100.1909525,246.87628
2021-10-19,97.912035,1273.305605625,591.7722375,187.82055,47.19511,552.37906
2021-10-20,96.42646500000001,1291.7621625,328.0499825,181.43075,84.0494775,902.5138375
2021-10-21,94.9102925,1295.671613125,330.9903175,166.9649875,79.476595,924.169615
2021-10-22,96.21221,1265.283816875,361.790915,166.6045,98.9409125,859.5669675
2021-10-23,98.4683025,1053.745593125,519.6522875,185.170215,107.401465,341.3918375
2021-10-24,98.4222625,1002.726268125,416.22198,183.934395,158.9402625,383.047325
2021-10-25,99.20992749999999,1241.653954375,660.6039075,189.8021325,106.2238875,334.681605
2021-10-26,99.1481775,1272.98312,635.9198125,189.47967500000001,67.9754075,428.42054
2021-10-27,99.3259475,1276.787134375,600.11775,185.17057,71.8321675,487.44949
2021-10-28,99.43565,1267.10532125,623.44965,189.2527,109.191215,385.591125
2021-10-29,100.6251025,1243.415463125,537.35258,184.9769575,102.17313250000001,496.1305975
2021-10-30,100.2843,1067.45575125,411.29064999999997,187.78695249999998,69.3218375,501.62347
2021-10-31,99.3591,986.861300625,300.604315,178.89033750000002,104.89944750000001,515.232155
2021-11-01,98.869015,1071.473984375,391.2400875,184.1571675,39.2135125,498.747235
2021-11-02,100.3449325,1221.230229375,729.90458,192.241465,63.79655,146.1980325
2021-11-03,100.3814725,1246.7180156250001,812.5425425,192.209585,48.5707,85.632075
2021-11-04,100.37597,1295.46597125,729.316525,187.3244175,21.4146225,371.855975
2021-11-05,100.527385,1274.9525443750001,680.2174775,191.23883,40.450987500000004,423.74181
2021-11-06,99.4233225,1105.018243125,431.9578375,180.65456,65.3266575,622.0624725
2021-11-07,97.6154825,1060.437463125,325.4728875,170.5815025,47.6400825,804.073725
2021-11-08,100.1853175,1261.123415,741.953215,185.44286,59.2488275,279.85600750000003
2021-11-09,100.770555,1304.671724375,783.5422425,186.09723,105.8818375,329.6049775
2021-11-10,101.1899175,1313.5627475000001,834.19822,192.917375,72.7829725,159.381825
2021-11-11,101.4298575,1251.002585625,865.13605,192.96404,67.2753525,80.3653925
2021-11-12,101.45824,1237.130715,809.224685,190.4608675,38.163235,265.982815
2021-11-13,100.857685,1097.60861875,725.56921,189.73764,24.048415000000002,163.865985
2021-11-14,99.28596,968.7091325,695.4129325,191.624345,25.552647500000003,156.07132000000001
2021-11-15,99.70865,1222.42049125,839.326005,192.0493875,14.786005,145.9655225
2021-11-16,99.310165,1245.67414375,878.28679,192.55479,12.1129275,37.058035
2021-11-17,99.212895,1274.9222662500001,772.4237825,191.44625,15.128077499999998,409.5825175
2021-11-18,99.5796675,1281.658095625,604.5665425,184.674315,35.5855725,701.1614075
2021-11-19,100.103165,1240.4491625,580.564475,177.506045,25.396459999999998,687.785655
2021-11-20,99.75519,1106.59725,558.0272875,182.7072125,19.745292499999998,515.3929825
2021-11-21,100.4151,1056.6897075,624.615225,186.771025,27.972459999999998,334.744485
2021-11-22,100.9685475,1297.25579375,766.905155,191.6788775,43.309215,299.4685975
2021-11-23,100.839345,1305.27122,792.8459825,187.9155375,58.1943075,293.138655
2021-11-24,100.81039,1295.622640625,903.7286725,190.74482,32.17149,207.463225
2021-11-25,101.3362725,1334.9164125,865.50045,183.40874250000002,16.7373675,305.6902875
2021-11-26,101.50922,1325.790633125,795.59204,185.1953325,19.8513175,431.1986375
2021-11-27,101.3454975,1145.369680625,790.93296,183.4753325,22.9348825,256.48098
2021-11-28,100.495645,1082.7537387500001,762.144915,182.1828275,23.460595,155.34023
2021-11-29,97.895015,1332.01234625,852.1537375,188.018315,19.381595,265.04412
2021-11-30,98.3911875,1402.60764375,560.7357025,174.0157625,8.1083125,877.9355775
2021-12-01,98.80427,1394.3940525,469.71773,175.0633825,19.258210000000002,992.8234199999999
2021-12-02,100.180905,1384.61433625,726.28199,182.5544925,31.8916825,480.81773250000003
2021-12-03,100.1151725,1386.219709375,574.3369175,182.862625,35.189225,764.29945
2021-12-04,101.8835375,1169.539828125,653.6223475,185.6324875,11.984735,286.099275
2021-12-05,101.271835,1096.630763125,643.3215925,184.4546125,27.51025,303.6346525
2021-12-06,101.9269675,1331.7778250000001,820.22495,184.8478725,23.1941925,297.96941
2021-12-07,101.5605925,1373.707621875,787.22992,181.726365,27.5867375,503.21779749999996
2021-12-08,101.1483825,1373.243011875,730.56416,179.71738,13.777682500000001,545.421355
2021-12-09,101.9707775,1343.553255625,895.9065175000001,187.44949,11.57273,223.9374825
2021-12-10,102.538925,1318.7884675,847.7791175,184.3833675,20.8106825,174.4461725
2021-12-11,101.723885,1147.89063,753.00142,188.651425,17.7564925,195.324165
2021-12-12,100.8567175,1099.938979375,584.247925,184.9497875,16.0811,448.7162325
2021-12-13,100.9352875,1291.742239375,781.8526075,184.59471,15.111072499999999,302.0262325
2021-12-14,100.426835,1312.834784375,811.554075,186.9468325,14.25257,247.0648975
2021-12-15,100.072525,1314.3658675,754.5442725,185.0262375,13.02468,401.7675125
2021-12-16,101.36362,1291.3612025,805.210285,188.078545,17.820664999999998,209.35577999999998
2021-12-17,102.17842999999999,1256.606295,803.6945925,185.79373,22.9229125,162.8515675
2021-12-18,101.5745275,1137.463210625,643.485365,179.37647,13.4596975,345.602215
2021-12-19,98.94801,1078.044411875,510.9775975,165.4835925,14.462607499999999,604.5173375
2021-12-20,102.045025,1239.02427625,851.4741875,180.087985,58.3071275,153.7882675
2021-12-21,102.53486,1249.843635625,926.14468,189.354,51.5640675,61.712845
2021-12-22,101.9762075,1255.022591875,883.5994275,189.0584225,55.7891775,167.04966000000002
2021-12-23,102.27398,1211.528123125,725.33717,184.92666,19.51097,424.706255
2021-12-24,101.7818225,1037.4708825,536.632035,169.2361375,8.1595675,497.9602
2021-12-25,101.02717750000001,960.58522375,563.592745,181.4420125,21.0571025,202.46541
2021-12-26,100.36039,980.4609075,572.5116575,176.4670175,24.246827500000002,353.59206
2021-12-27,100.3476,1102.64279,571.938165,179.0690525,22.996715000000002,420.09711500000003
2021-12-28,98.882145,1108.5209425,528.94188,175.5639875,15.000085,529.3254125
2021-12-29,99.835165,1059.8863,587.8890725,180.7764275,15.207385,356.40077
2021-12-30,98.8673175,1077.0782643750001,291.0996225,164.3430375,14.279689999999999,811.0886025
2021-12-31,95.493345,1000.4059225,209.5087175,145.7617025,44.42883,807.713025
